order_id,created_at,promised_delivery_time,actual_delivery_time,ordered_quantity,delivered_quantity,quantity_unit,order_status,raw_order_status,warehouse_id,carrier_id,destination_region,sales_channel
ORD-SYN-A-0001,2026-06-01T12:07:00+08:00,2026-06-04T12:07:00+08:00,2026-06-03T02:20:06+08:00,1,1,piece,delivered,delivered,WH-SYN-EAST,CAR-SYN-ECON,CN-SD-QD,synthetic_store
ORD-SYN-A-0002,2026-06-01T15:31:00+08:00,2026-06-04T15:31:00+08:00,2026-06-03T10:24:39+08:00,1,1,piece,delivered,delivered,WH-SYN-WEST,CAR-SYN-STD,CN-HB-WH,synthetic_marketplace
ORD-SYN-A-0003,2026-06-01T18:55:00+08:00,2026-06-04T18:55:00+08:00,2026-06-03T14:29:23+08:00,5,5,piece,delivered,delivered,WH-SYN-EAST,CAR-SYN-FAST,CN-ZJ-HZ,synthetic_marketplace
ORD-SYN-A-0004,2026-06-01T10:19:00+08:00,2026-06-04T10:19:00+08:00,2026-06-03T09:29:20+08:00,3,3,piece,delivered,delivered,WH-SYN-EAST,CAR-SYN-FAST,CN-HB-WH,synthetic_marketplace
ORD-SYN-A-0005,2026-06-01T13:43:00+08:00,2026-06-04T13:43:00+08:00,2026-06-03T02:47:56+08:00,3,3,piece,delivered,delivered,WH-SYN-EAST,CAR-SYN-ECON,CN-HB-WH,synthetic_marketplace
ORD-SYN-A-0006,2026-06-01T16:07:00+08:00,2026-06-04T16:07:00+08:00,2026-06-03T14:53:29+08:00,4,4,piece,delivered,delivered,WH-SYN-EAST,CAR-SYN-STD,CN-HB-WH,synthetic_marketplace
ORD-SYN-A-0007,2026-06-01T19:31:00+08:00,2026-06-04T19:31:00+08:00,2026-06-03T12:40:30+08:00,3,3,piece,delivered,delivered,WH-SYN-EAST,CAR-SYN-FAST,CN-SD-QD,synthetic_classroom
ORD-SYN-A-0008,2026-06-01T11:55:00+08:00,2026-06-04T11:55:00+08:00,2026-06-02T19:30:56+08:00,3,3,piece,delivered,delivered,WH-SYN-EAST,CAR-SYN-FAST,CN-JS-NJ,synthetic_store
ORD-SYN-A-0009,2026-06-01T14:19:00+08:00,2026-06-04T14:19:00+08:00,2026-06-03T14:05:43+08:00,1,0,piece,delivered,delivered,WH-SYN-EAST,CAR-SYN-STD,CN-ZJ-HZ,synthetic_store
ORD-SYN-A-0010,2026-06-01T17:43:00+08:00,2026-06-04T17:43:00+08:00,2026-06-05T14:13:21+08:00,1,1,piece,delivered,delivered,WH-SYN-EAST,CAR-SYN-STD,CN-JS-NJ,synthetic_marketplace
ORD-SYN-A-0011,2026-06-02T09:17:00+08:00,2026-06-05T09:17:00+08:00,2026-06-04T03:47:29+08:00,3,3,piece,delivered,delivered,WH-SYN-EAST,CAR-SYN-FAST,CN-JS-NJ,synthetic_store
ORD-SYN-A-0012,2026-06-02T12:41:00+08:00,2026-06-05T12:41:00+08:00,2026-06-04T10:19:50+08:00,3,3,piece,delivered,delivered,WH-SYN-EAST,CAR-SYN-FAST,CN-HB-WH,synthetic_store
ORD-SYN-A-0013,2026-06-02T15:05:00+08:00,2026-06-05T15:05:00+08:00,2026-06-04T16:29:10+08:00,5,5,piece,delivered,delivered,WH-SYN-EAST,CAR-SYN-ECON,CN-JS-NJ,synthetic_marketplace
ORD-SYN-A-0014,2026-06-02T18:29:00+08:00,2026-06-05T18:29:00+08:00,2026-06-04T11:25:00+08:00,5,4,piece,delivered,delivered,WH-SYN-EAST,CAR-SYN-FAST,CN-ZJ-HZ,synthetic_marketplace
ORD-SYN-A-0015,2026-06-02T10:53:00+08:00,2026-06-05T10:53:00+08:00,2026-06-04T11:35:40+08:00,5,5,piece,delivered,delivered,WH-SYN-EAST,CAR-SYN-STD,CN-ZJ-HZ,synthetic_classroom
ORD-SYN-A-0016,2026-06-02T13:17:00+08:00,2026-06-05T13:17:00+08:00,2026-06-04T16:35:30+08:00,3,3,piece,delivered,delivered,WH-SYN-EAST,CAR-SYN-FAST,CN-JS-NJ,synthetic_store
ORD-SYN-A-0017,2026-06-02T16:41:00+08:00,2026-06-05T16:41:00+08:00,2026-06-04T14:53:43+08:00,5,5,piece,delivered,delivered,WH-SYN-WEST,CAR-SYN-ECON,CN-JS-NJ,synthetic_store
ORD-SYN-A-0018,2026-06-02T19:05:00+08:00,2026-06-05T19:05:00+08:00,2026-06-04T15:11:39+08:00,3,3,piece,delivered,delivered,WH-SYN-EAST,CAR-SYN-FAST,CN-ZJ-HZ,synthetic_marketplace
ORD-SYN-A-0019,2026-06-02T11:29:00+08:00,2026-06-05T11:29:00+08:00,2026-06-04T11:56:31+08:00,1,1,piece,delivered,delivered,WH-SYN-WEST,CAR-SYN-STD,CN-JS-NJ,synthetic_marketplace
ORD-SYN-A-0020,2026-06-02T14:53:00+08:00,2026-06-05T14:53:00+08:00,2026-06-04T11:39:16+08:00,2,2,piece,delivered,delivered,WH-SYN-EAST,CAR-SYN-FAST,CN-ZJ-HZ,synthetic_classroom
ORD-SYN-A-0021,2026-06-03T17:27:00+08:00,2026-06-06T17:27:00+08:00,2026-06-05T13:43:29+08:00,5,5,piece,delivered,delivered,WH-SYN-EAST,CAR-SYN-FAST,CN-ZJ-HZ,synthetic_store
ORD-SYN-A-0022,2026-06-03T09:51:00+08:00,2026-06-06T09:51:00+08:00,2026-06-05T10:22:57+08:00,3,3,piece,delivered,delivered,WH-SYN-WEST,CAR-SYN-FAST,CN-JS-NJ,synthetic_marketplace
ORD-SYN-A-0023,2026-06-03T12:15:00+08:00,2026-06-06T12:15:00+08:00,2026-06-05T11:20:55+08:00,4,4,piece,delivered,delivered,WH-SYN-EAST,CAR-SYN-FAST,CN-ZJ-HZ,synthetic_marketplace
ORD-SYN-A-0024,2026-06-03T15:39:00+08:00,2026-06-06T15:39:00+08:00,2026-06-05T15:35:02+08:00,2,2,piece,delivered,delivered,WH-SYN-EAST,CAR-SYN-FAST,CN-JS-NJ,synthetic_store
ORD-SYN-A-0025,2026-06-03T18:03:00+08:00,2026-06-06T18:03:00+08:00,2026-06-05T01:45:28+08:00,5,5,piece,delivered,delivered,WH-SYN-WEST,CAR-SYN-STD,CN-ZJ-HZ,synthetic_store
ORD-SYN-A-0026,2026-06-03T10:27:00+08:00,2026-06-06T10:27:00+08:00,2026-06-05T05:36:33+08:00,4,4,piece,delivered,delivered,WH-SYN-EAST,CAR-SYN-FAST,CN-JS-NJ,synthetic_marketplace
ORD-SYN-A-0027,2026-06-03T13:51:00+08:00,2026-06-06T13:51:00+08:00,2026-06-05T03:49:09+08:00,3,3,piece,delivered,delivered,WH-SYN-EAST,CAR-SYN-FAST,CN-ZJ-HZ,synthetic_store
ORD-SYN-A-0028,2026-06-03T16:15:00+08:00,2026-06-06T16:15:00+08:00,2026-06-05T13:09:05+08:00,4,4,piece,delivered,delivered,WH-SYN-EAST,CAR-SYN-STD,CN-SD-QD,synthetic_classroom
ORD-SYN-A-0029,2026-06-03T19:39:00+08:00,2026-06-06T19:39:00+08:00,2026-06-05T15:28:08+08:00,2,1,piece,delivered,delivered,WH-SYN-WEST,CAR-SYN-FAST,CN-SD-QD,synthetic_store
ORD-SYN-A-0030,2026-06-03T11:03:00+08:00,2026-06-06T11:03:00+08:00,2026-06-05T05:17:59+08:00,5,5,piece,delivered,delivered,WH-SYN-EAST,CAR-SYN-FAST,CN-JS-NJ,synthetic_marketplace
ORD-SYN-A-0031,2026-06-04T14:37:00+08:00,2026-06-07T14:37:00+08:00,2026-06-06T04:40:08+08:00,5,5,piece,delivered,delivered,WH-SYN-EAST,CAR-SYN-ECON,CN-ZJ-HZ,synthetic_marketplace
ORD-SYN-A-0032,2026-06-04T17:01:00+08:00,2026-06-07T17:01:00+08:00,2026-06-06T10:02:29+08:00,1,1,piece,delivered,delivered,WH-SYN-WEST,CAR-SYN-STD,CN-HB-WH,synthetic_store
ORD-SYN-A-0033,2026-06-04T09:25:00+08:00,2026-06-07T09:25:00+08:00,2026-06-06T06:46:47+08:00,2,2,piece,delivered,delivered,WH-SYN-EAST,CAR-SYN-STD,CN-ZJ-HZ,synthetic_marketplace
ORD-SYN-A-0034,2026-06-04T12:49:00+08:00,2026-06-07T12:49:00+08:00,2026-06-06T04:07:36+08:00,1,1,piece,delivered,delivered,WH-SYN-WEST,CAR-SYN-FAST,CN-HB-WH,synthetic_marketplace
ORD-SYN-A-0035,2026-06-04T15:13:00+08:00,2026-06-07T15:13:00+08:00,2026-06-06T14:13:29+08:00,3,3,piece,delivered,delivered,WH-SYN-EAST,CAR-SYN-FAST,CN-HB-WH,synthetic_store
ORD-SYN-A-0036,2026-06-04T18:37:00+08:00,2026-06-07T18:37:00+08:00,2026-06-08T17:08:10+08:00,4,4,piece,delivered,delivered,WH-SYN-EAST,CAR-SYN-ECON,CN-ZJ-HZ,synthetic_store
ORD-SYN-A-0037,2026-06-04T10:01:00+08:00,2026-06-07T10:01:00+08:00,2026-06-06T23:39:45+08:00,1,1,piece,delivered,delivered,WH-SYN-EAST,CAR-SYN-FAST,CN-SD-QD,synthetic_marketplace
ORD-SYN-A-0038,2026-06-04T13:25:00+08:00,2026-06-07T13:25:00+08:00,2026-06-06T07:51:09+08:00,5,5,piece,delivered,delivered,WH-SYN-WEST,CAR-SYN-ECON,CN-HB-WH,synthetic_marketplace
ORD-SYN-A-0039,2026-06-04T16:49:00+08:00,2026-06-07T16:49:00+08:00,2026-06-06T14:12:22+08:00,2,2,piece,delivered,delivered,WH-SYN-WEST,CAR-SYN-FAST,CN-SD-QD,synthetic_store
ORD-SYN-A-0040,2026-06-04T19:13:00+08:00,2026-06-07T19:13:00+08:00,2026-06-06T23:45:47+08:00,3,3,piece,delivered,delivered,WH-SYN-EAST,CAR-SYN-STD,CN-HB-WH,synthetic_marketplace
ORD-SYN-A-0041,2026-06-05T11:47:00+08:00,2026-06-08T11:47:00+08:00,2026-06-08T02:33:20+08:00,2,2,piece,delivered,delivered,WH-SYN-EAST,CAR-SYN-FAST,CN-HB-WH,synthetic_marketplace
ORD-SYN-A-0042,2026-06-05T14:11:00+08:00,2026-06-08T14:11:00+08:00,2026-06-07T05:28:28+08:00,5,4,piece,delivered,delivered,WH-SYN-EAST,CAR-SYN-STD,CN-SD-QD,synthetic_marketplace
ORD-SYN-A-0043,2026-06-05T17:35:00+08:00,2026-06-08T17:35:00+08:00,2026-06-07T17:18:50+08:00,3,3,piece,delivered,delivered,WH-SYN-WEST,CAR-SYN-ECON,CN-ZJ-HZ,synthetic_marketplace
ORD-SYN-A-0044,2026-06-05T09:59:00+08:00,2026-06-08T09:59:00+08:00,2026-06-07T01:53:54+08:00,4,4,piece,delivered,delivered,WH-SYN-WEST,CAR-SYN-ECON,CN-ZJ-HZ,synthetic_store
ORD-SYN-A-0045,2026-06-05T12:23:00+08:00,2026-06-08T12:23:00+08:00,2026-06-07T02:58:04+08:00,3,3,piece,delivered,delivered,WH-SYN-EAST,CAR-SYN-STD,CN-SD-QD,synthetic_marketplace
ORD-SYN-A-0046,2026-06-05T15:47:00+08:00,2026-06-08T15:47:00+08:00,2026-06-07T08:44:54+08:00,4,4,piece,delivered,delivered,WH-SYN-EAST,CAR-SYN-STD,CN-JS-NJ,synthetic_marketplace
ORD-SYN-A-0047,2026-06-05T18:11:00+08:00,2026-06-08T18:11:00+08:00,2026-06-07T09:54:39+08:00,5,5,piece,delivered,delivered,WH-SYN-WEST,CAR-SYN-ECON,CN-SD-QD,synthetic_marketplace
ORD-SYN-A-0048,2026-06-05T10:35:00+08:00,2026-06-08T10:35:00+08:00,2026-06-07T13:32:35+08:00,3,3,piece,delivered,delivered,WH-SYN-EAST,CAR-SYN-STD,CN-HB-WH,synthetic_store
ORD-SYN-A-0049,2026-06-05T13:59:00+08:00,2026-06-08T13:59:00+08:00,2026-06-07T08:09:04+08:00,4,4,piece,delivered,delivered,WH-SYN-EAST,CAR-SYN-FAST,CN-SD-QD,synthetic_marketplace
ORD-SYN-A-0050,2026-06-05T16:23:00+08:00,2026-06-08T16:23:00+08:00,2026-06-07T11:56:56+08:00,3,3,piece,delivered,delivered,WH-SYN-WEST,CAR-SYN-STD,CN-ZJ-HZ,synthetic_store
ORD-SYN-A-0051,2026-06-06T19:57:00+08:00,2026-06-09T19:57:00+08:00,2026-06-08T19:04:35+08:00,5,5,piece,delivered,delivered,WH-SYN-EAST,CAR-SYN-STD,CN-JS-NJ,synthetic_classroom
ORD-SYN-A-0052,2026-06-06T11:21:00+08:00,2026-06-09T11:21:00+08:00,2026-06-08T03:20:17+08:00,2,2,piece,delivered,delivered,WH-SYN-WEST,CAR-SYN-ECON,CN-SD-QD,synthetic_store
ORD-SYN-A-0053,2026-06-06T14:45:00+08:00,2026-06-09T14:45:00+08:00,2026-06-08T11:31:03+08:00,4,4,piece,delivered,delivered,WH-SYN-EAST,CAR-SYN-FAST,CN-ZJ-HZ,synthetic_marketplace
ORD-SYN-A-0054,2026-06-06T17:09:00+08:00,2026-06-09T17:09:00+08:00,2026-06-08T06:47:47+08:00,3,3,piece,delivered,delivered,WH-SYN-WEST,CAR-SYN-FAST,CN-ZJ-HZ,synthetic_marketplace
ORD-SYN-A-0055,2026-06-06T09:33:00+08:00,2026-06-09T09:33:00+08:00,2026-06-07T23:37:28+08:00,3,3,piece,delivered,delivered,WH-SYN-EAST,CAR-SYN-FAST,CN-SD-QD,synthetic_marketplace
ORD-SYN-A-0056,2026-06-06T12:57:00+08:00,2026-06-09T12:57:00+08:00,2026-06-08T14:26:18+08:00,2,2,piece,delivered,delivered,WH-SYN-WEST,CAR-SYN-FAST,CN-SD-QD,synthetic_store
ORD-SYN-A-0057,2026-06-06T15:21:00+08:00,2026-06-09T15:21:00+08:00,2026-06-08T17:00:51+08:00,2,2,piece,delivered,delivered,WH-SYN-EAST,CAR-SYN-STD,CN-ZJ-HZ,synthetic_marketplace
ORD-SYN-A-0058,2026-06-06T18:45:00+08:00,2026-06-09T18:45:00+08:00,2026-06-08T21:48:59+08:00,4,4,piece,delivered,delivered,WH-SYN-EAST,CAR-SYN-FAST,CN-HB-WH,synthetic_marketplace
ORD-SYN-A-0059,2026-06-06T10:09:00+08:00,2026-06-09T10:09:00+08:00,2026-06-08T11:53:56+08:00,3,3,piece,delivered,delivered,WH-SYN-EAST,CAR-SYN-ECON,CN-JS-NJ,synthetic_marketplace
ORD-SYN-A-0060,2026-06-06T13:33:00+08:00,2026-06-09T13:33:00+08:00,2026-06-08T01:06:40+08:00,4,4,piece,delivered,delivered,WH-SYN-WEST,CAR-SYN-STD,CN-SD-QD,synthetic_marketplace
ORD-SYN-A-0061,2026-06-07T16:07:00+08:00,2026-06-10T16:07:00+08:00,2026-06-09T06:31:47+08:00,2,2,piece,delivered,delivered,WH-SYN-EAST,CAR-SYN-ECON,CN-JS-NJ,synthetic_store
ORD-SYN-A-0062,2026-06-07T19:31:00+08:00,2026-06-10T19:31:00+08:00,2026-06-09T18:41:33+08:00,2,2,piece,delivered,delivered,WH-SYN-EAST,CAR-SYN-STD,CN-SD-QD,synthetic_marketplace
ORD-SYN-A-0063,2026-06-07T11:55:00+08:00,2026-06-10T11:55:00+08:00,2026-06-09T06:21:29+08:00,2,2,piece,delivered,delivered,WH-SYN-EAST,CAR-SYN-FAST,CN-SD-QD,synthetic_store
ORD-SYN-A-0064,2026-06-07T14:19:00+08:00,2026-06-10T14:19:00+08:00,2026-06-09T13:49:37+08:00,2,2,piece,delivered,delivered,WH-SYN-EAST,CAR-SYN-FAST,CN-SD-QD,synthetic_store
ORD-SYN-A-0065,2026-06-07T17:43:00+08:00,2026-06-10T17:43:00+08:00,2026-06-09T17:48:09+08:00,2,2,piece,delivered,delivered,WH-SYN-EAST,CAR-SYN-FAST,CN-ZJ-HZ,synthetic_classroom
ORD-SYN-A-0066,2026-06-07T09:07:00+08:00,2026-06-10T09:07:00+08:00,2026-06-09T06:30:35+08:00,2,2,piece,delivered,delivered,WH-SYN-EAST,CAR-SYN-FAST,CN-ZJ-HZ,synthetic_marketplace
ORD-SYN-A-0067,2026-06-07T12:31:00+08:00,2026-06-10T12:31:00+08:00,2026-06-09T13:42:08+08:00,4,4,piece,delivered,delivered,WH-SYN-EAST,CAR-SYN-FAST,CN-ZJ-HZ,synthetic_marketplace
ORD-SYN-A-0068,2026-06-07T15:55:00+08:00,2026-06-10T15:55:00+08:00,2026-06-11T12:20:07+08:00,5,5,piece,delivered,delivered,WH-SYN-EAST,CAR-SYN-ECON,CN-JS-NJ,synthetic_store
ORD-SYN-A-0069,2026-06-07T18:19:00+08:00,2026-06-10T18:19:00+08:00,2026-06-09T20:05:45+08:00,1,1,piece,delivered,delivered,WH-SYN-EAST,CAR-SYN-FAST,CN-HB-WH,synthetic_marketplace
ORD-SYN-A-0070,2026-06-07T10:43:00+08:00,2026-06-10T10:43:00+08:00,2026-06-09T13:50:41+08:00,1,1,piece,delivered,delivered,WH-SYN-EAST,CAR-SYN-STD,CN-SD-QD,synthetic_marketplace
ORD-SYN-A-0071,2026-06-08T13:17:00+08:00,2026-06-11T13:17:00+08:00,2026-06-11T05:35:38+08:00,1,1,piece,delivered,delivered,WH-SYN-EAST,CAR-SYN-FAST,CN-SD-QD,synthetic_store
ORD-SYN-A-0072,2026-06-08T16:41:00+08:00,2026-06-11T16:41:00+08:00,2026-06-10T18:16:51+08:00,4,4,piece,delivered,delivered,WH-SYN-EAST,CAR-SYN-STD,CN-JS-NJ,synthetic_marketplace
ORD-SYN-A-0073,2026-06-08T19:05:00+08:00,2026-06-11T19:05:00+08:00,2026-06-10T10:14:55+08:00,3,3,piece,delivered,delivered,WH-SYN-EAST,CAR-SYN-FAST,CN-SD-QD,synthetic_classroom
ORD-SYN-A-0074,2026-06-08T11:29:00+08:00,2026-06-11T11:29:00+08:00,2026-06-10T13:07:45+08:00,2,2,piece,delivered,delivered,WH-SYN-EAST,CAR-SYN-FAST,CN-HB-WH,synthetic_marketplace
ORD-SYN-A-0075,2026-06-08T14:53:00+08:00,2026-06-11T14:53:00+08:00,2026-06-10T08:38:49+08:00,2,2,piece,delivered,delivered,WH-SYN-EAST,CAR-SYN-FAST,CN-SD-QD,synthetic_classroom
ORD-SYN-A-0076,2026-06-08T17:17:00+08:00,2026-06-11T17:17:00+08:00,2026-06-10T10:01:26+08:00,4,4,piece,delivered,delivered,WH-SYN-EAST,CAR-SYN-STD,CN-ZJ-HZ,synthetic_classroom
ORD-SYN-A-0077,2026-06-08T09:41:00+08:00,2026-06-11T09:41:00+08:00,2026-06-10T12:59:14+08:00,2,2,piece,delivered,delivered,WH-SYN-EAST,CAR-SYN-FAST,CN-HB-WH,synthetic_marketplace
ORD-SYN-A-0078,2026-06-08T12:05:00+08:00,2026-06-11T12:05:00+08:00,2026-06-10T17:10:24+08:00,4,4,piece,delivered,delivered,WH-SYN-EAST,CAR-SYN-FAST,CN-HB-WH,synthetic_marketplace
ORD-SYN-A-0079,2026-06-08T15:29:00+08:00,2026-06-11T15:29:00+08:00,2026-06-10T14:52:05+08:00,3,3,piece,delivered,delivered,WH-SYN-EAST,CAR-SYN-FAST,CN-SD-QD,synthetic_store
ORD-SYN-A-0080,2026-06-08T18:53:00+08:00,2026-06-11T18:53:00+08:00,2026-06-10T11:43:43+08:00,2,2,piece,delivered,delivered,WH-SYN-EAST,CAR-SYN-ECON,CN-ZJ-HZ,synthetic_marketplace
ORD-SYN-A-0081,2026-06-09T10:27:00+08:00,2026-06-12T10:27:00+08:00,2026-06-11T21:59:14+08:00,4,4,piece,delivered,delivered,WH-SYN-EAST,CAR-SYN-ECON,CN-SD-QD,synthetic_marketplace
ORD-SYN-A-0082,2026-06-09T13:51:00+08:00,2026-06-12T13:51:00+08:00,2026-06-11T14:49:58+08:00,1,1,piece,delivered,delivered,WH-SYN-EAST,CAR-SYN-FAST,CN-SD-QD,synthetic_marketplace
ORD-SYN-A-0083,2026-06-09T16:15:00+08:00,2026-06-12T16:15:00+08:00,2026-06-11T16:39:34+08:00,2,2,piece,delivered,delivered,WH-SYN-EAST,CAR-SYN-STD,CN-ZJ-HZ,synthetic_marketplace
ORD-SYN-A-0084,2026-06-09T19:39:00+08:00,2026-06-12T19:39:00+08:00,2026-06-11T17:17:27+08:00,4,4,piece,delivered,delivered,WH-SYN-WEST,CAR-SYN-FAST,CN-SD-QD,synthetic_marketplace
ORD-SYN-A-0085,2026-06-09T11:03:00+08:00,2026-06-12T11:03:00+08:00,2026-06-10T22:56:25+08:00,5,4,piece,delivered,delivered,WH-SYN-WEST,CAR-SYN-FAST,CN-ZJ-HZ,synthetic_marketplace
ORD-SYN-A-0086,2026-06-09T14:27:00+08:00,2026-06-12T14:27:00+08:00,2026-06-11T13:36:57+08:00,2,2,piece,delivered,delivered,WH-SYN-WEST,CAR-SYN-FAST,CN-ZJ-HZ,synthetic_marketplace
ORD-SYN-A-0087,2026-06-09T17:51:00+08:00,2026-06-12T17:51:00+08:00,2026-06-11T12:00:02+08:00,4,4,piece,delivered,delivered,WH-SYN-WEST,CAR-SYN-FAST,CN-SD-QD,synthetic_marketplace
ORD-SYN-A-0088,2026-06-09T09:15:00+08:00,2026-06-12T09:15:00+08:00,2026-06-11T08:03:22+08:00,2,2,piece,delivered,delivered,WH-SYN-EAST,CAR-SYN-STD,CN-JS-NJ,synthetic_marketplace
ORD-SYN-A-0089,2026-06-09T12:39:00+08:00,2026-06-12T12:39:00+08:00,2026-06-11T00:45:19+08:00,3,3,piece,delivered,delivered,WH-SYN-EAST,CAR-SYN-FAST,CN-ZJ-HZ,synthetic_store
ORD-SYN-A-0090,2026-06-09T15:03:00+08:00,2026-06-12T15:03:00+08:00,2026-06-11T09:42:03+08:00,5,5,piece,delivered,delivered,WH-SYN-WEST,CAR-SYN-STD,CN-ZJ-HZ,synthetic_marketplace
ORD-SYN-A-0091,2026-06-10T18:37:00+08:00,2026-06-13T18:37:00+08:00,2026-06-12T14:18:09+08:00,2,2,piece,delivered,delivered,WH-SYN-EAST,CAR-SYN-ECON,CN-ZJ-HZ,synthetic_marketplace
ORD-SYN-A-0092,2026-06-10T10:01:00+08:00,2026-06-13T10:01:00+08:00,2026-06-14T12:31:13+08:00,3,3,piece,delivered,delivered,WH-SYN-EAST,CAR-SYN-ECON,CN-JS-NJ,synthetic_store
ORD-SYN-A-0093,2026-06-10T13:25:00+08:00,2026-06-13T13:25:00+08:00,2026-06-12T19:58:39+08:00,2,2,piece,delivered,delivered,WH-SYN-WEST,CAR-SYN-FAST,CN-ZJ-HZ,synthetic_marketplace
ORD-SYN-A-0094,2026-06-10T16:49:00+08:00,2026-06-13T16:49:00+08:00,2026-06-12T06:33:46+08:00,1,1,piece,delivered,delivered,WH-SYN-EAST,CAR-SYN-STD,CN-JS-NJ,synthetic_marketplace
ORD-SYN-A-0095,2026-06-10T19:13:00+08:00,2026-06-13T19:13:00+08:00,2026-06-12T19:24:46+08:00,1,1,piece,delivered,delivered,WH-SYN-EAST,CAR-SYN-ECON,CN-HB-WH,synthetic_marketplace
ORD-SYN-A-0096,2026-06-10T11:37:00+08:00,2026-06-13T11:37:00+08:00,2026-06-12T07:42:54+08:00,5,5,piece,delivered,delivered,WH-SYN-EAST,CAR-SYN-FAST,CN-ZJ-HZ,synthetic_store
ORD-SYN-A-0097,2026-06-10T14:01:00+08:00,2026-06-13T14:01:00+08:00,2026-06-12T10:33:50+08:00,1,1,piece,delivered,delivered,WH-SYN-EAST,CAR-SYN-FAST,CN-JS-NJ,synthetic_classroom
ORD-SYN-A-0098,2026-06-10T17:25:00+08:00,2026-06-13T17:25:00+08:00,2026-06-12T12:42:33+08:00,1,1,piece,delivered,delivered,WH-SYN-EAST,CAR-SYN-FAST,CN-HB-WH,synthetic_store
ORD-SYN-A-0099,2026-06-10T09:49:00+08:00,2026-06-13T09:49:00+08:00,2026-06-12T08:27:32+08:00,5,5,piece,delivered,delivered,WH-SYN-EAST,CAR-SYN-FAST,CN-ZJ-HZ,synthetic_marketplace
ORD-SYN-A-0100,2026-06-10T12:13:00+08:00,2026-06-13T12:13:00+08:00,2026-06-12T14:41:50+08:00,1,1,piece,delivered,delivered,WH-SYN-EAST,CAR-SYN-STD,CN-ZJ-HZ,synthetic_marketplace
ORD-SYN-A-0101,2026-06-11T15:47:00+08:00,2026-06-14T15:47:00+08:00,2026-06-13T05:06:58+08:00,2,2,piece,delivered,delivered,WH-SYN-WEST,CAR-SYN-STD,CN-SD-QD,synthetic_marketplace
ORD-SYN-A-0102,2026-06-11T18:11:00+08:00,2026-06-14T18:11:00+08:00,2026-06-13T11:50:40+08:00,5,5,piece,delivered,delivered,WH-SYN-EAST,CAR-SYN-FAST,CN-HB-WH,synthetic_marketplace
ORD-SYN-A-0103,2026-06-11T10:35:00+08:00,2026-06-14T10:35:00+08:00,2026-06-13T01:06:16+08:00,2,2,piece,delivered,delivered,WH-SYN-EAST,CAR-SYN-FAST,CN-SD-QD,synthetic_classroom
ORD-SYN-A-0104,2026-06-11T13:59:00+08:00,2026-06-14T13:59:00+08:00,2026-06-13T11:06:44+08:00,2,2,piece,delivered,delivered,WH-SYN-EAST,CAR-SYN-FAST,CN-ZJ-HZ,synthetic_marketplace
ORD-SYN-A-0105,2026-06-11T16:23:00+08:00,2026-06-14T16:23:00+08:00,2026-06-13T10:57:53+08:00,3,3,piece,delivered,delivered,WH-SYN-WEST,CAR-SYN-STD,CN-SD-QD,synthetic_marketplace
ORD-SYN-A-0106,2026-06-11T19:47:00+08:00,2026-06-14T19:47:00+08:00,2026-06-13T08:18:12+08:00,1,1,piece,delivered,delivered,WH-SYN-WEST,CAR-SYN-FAST,CN-ZJ-HZ,synthetic_store
ORD-SYN-A-0107,2026-06-11T11:11:00+08:00,2026-06-14T11:11:00+08:00,2026-06-12T23:47:14+08:00,2,2,piece,delivered,delivered,WH-SYN-WEST,CAR-SYN-FAST,CN-ZJ-HZ,synthetic_store
ORD-SYN-A-0108,2026-06-11T14:35:00+08:00,2026-06-14T14:35:00+08:00,2026-06-13T07:20:32+08:00,2,2,piece,delivered,delivered,WH-SYN-WEST,CAR-SYN-ECON,CN-SD-QD,synthetic_marketplace
ORD-SYN-A-0109,2026-06-11T17:59:00+08:00,2026-06-14T17:59:00+08:00,2026-06-13T13:38:25+08:00,3,3,piece,delivered,delivered,WH-SYN-WEST,CAR-SYN-ECON,CN-ZJ-HZ,synthetic_marketplace
ORD-SYN-A-0110,2026-06-11T09:23:00+08:00,2026-06-14T09:23:00+08:00,2026-06-13T00:48:45+08:00,3,3,piece,delivered,delivered,WH-SYN-WEST,CAR-SYN-ECON,CN-ZJ-HZ,synthetic_classroom
ORD-SYN-A-0111,2026-06-12T12:57:00+08:00,2026-06-15T12:57:00+08:00,2026-06-14T20:33:00+08:00,5,5,piece,delivered,delivered,WH-SYN-EAST,CAR-SYN-FAST,CN-JS-NJ,synthetic_marketplace
ORD-SYN-A-0112,2026-06-12T15:21:00+08:00,2026-06-15T15:21:00+08:00,2026-06-14T16:37:11+08:00,1,1,piece,delivered,delivered,WH-SYN-EAST,CAR-SYN-ECON,CN-ZJ-HZ,synthetic_store
ORD-SYN-A-0113,2026-06-12T18:45:00+08:00,2026-06-15T18:45:00+08:00,2026-06-14T11:58:55+08:00,5,5,piece,delivered,delivered,WH-SYN-EAST,CAR-SYN-FAST,CN-SD-QD,synthetic_classroom
ORD-SYN-A-0114,2026-06-12T10:09:00+08:00,2026-06-15T10:09:00+08:00,2026-06-14T05:14:02+08:00,1,1,piece,delivered,delivered,WH-SYN-EAST,CAR-SYN-FAST,CN-ZJ-HZ,synthetic_store
ORD-SYN-A-0115,2026-06-12T13:33:00+08:00,2026-06-15T13:33:00+08:00,2026-06-14T06:10:18+08:00,3,3,piece,delivered,delivered,WH-SYN-WEST,CAR-SYN-FAST,CN-ZJ-HZ,synthetic_classroom
ORD-SYN-A-0116,2026-06-12T16:57:00+08:00,2026-06-15T16:57:00+08:00,2026-06-14T09:28:35+08:00,2,2,piece,delivered,delivered,WH-SYN-WEST,CAR-SYN-STD,CN-JS-NJ,synthetic_marketplace
ORD-SYN-A-0117,2026-06-12T19:21:00+08:00,2026-06-15T19:21:00+08:00,2026-06-14T14:11:19+08:00,4,4,piece,delivered,delivered,WH-SYN-EAST,CAR-SYN-FAST,CN-JS-NJ,synthetic_store
ORD-SYN-A-0118,2026-06-12T11:45:00+08:00,2026-06-15T11:45:00+08:00,2026-06-14T07:11:23+08:00,4,4,piece,delivered,delivered,WH-SYN-WEST,CAR-SYN-FAST,CN-ZJ-HZ,synthetic_classroom
ORD-SYN-A-0119,2026-06-12T14:09:00+08:00,2026-06-15T14:09:00+08:00,2026-06-14T12:01:18+08:00,5,5,piece,delivered,delivered,WH-SYN-EAST,CAR-SYN-STD,CN-SD-QD,synthetic_marketplace
ORD-SYN-A-0120,2026-06-12T17:33:00+08:00,2026-06-15T17:33:00+08:00,2026-06-14T15:43:18+08:00,1,1,piece,delivered,delivered,WH-SYN-WEST,CAR-SYN-STD,CN-JS-NJ,synthetic_marketplace
ORD-SYN-A-0121,2026-06-13T09:07:00+08:00,2026-06-16T09:07:00+08:00,2026-06-15T06:10:40+08:00,3,3,piece,delivered,delivered,WH-SYN-EAST,CAR-SYN-FAST,CN-SD-QD,synthetic_store
ORD-SYN-A-0122,2026-06-13T12:31:00+08:00,2026-06-16T12:31:00+08:00,2026-06-15T09:47:46+08:00,2,2,piece,delivered,delivered,WH-SYN-WEST,CAR-SYN-ECON,CN-JS-NJ,synthetic_marketplace
ORD-SYN-A-0123,2026-06-13T15:55:00+08:00,2026-06-16T15:55:00+08:00,2026-06-15T03:55:48+08:00,3,3,piece,delivered,delivered,WH-SYN-EAST,CAR-SYN-FAST,CN-JS-NJ,synthetic_classroom
ORD-SYN-A-0124,2026-06-13T18:19:00+08:00,2026-06-16T18:19:00+08:00,2026-06-15T07:56:26+08:00,1,1,piece,delivered,delivered,WH-SYN-EAST,CAR-SYN-STD,CN-JS-NJ,synthetic_marketplace
ORD-SYN-A-0125,2026-06-13T10:43:00+08:00,2026-06-16T10:43:00+08:00,2026-06-15T16:37:11+08:00,4,4,piece,delivered,delivered,WH-SYN-WEST,CAR-SYN-FAST,CN-SD-QD,synthetic_marketplace
ORD-SYN-A-0126,2026-06-13T13:07:00+08:00,2026-06-16T13:07:00+08:00,2026-06-15T10:44:16+08:00,1,1,piece,delivered,delivered,WH-SYN-WEST,CAR-SYN-STD,CN-ZJ-HZ,synthetic_marketplace
ORD-SYN-A-0127,2026-06-13T16:31:00+08:00,2026-06-16T16:31:00+08:00,2026-06-15T17:58:19+08:00,5,5,piece,delivered,delivered,WH-SYN-WEST,CAR-SYN-FAST,CN-JS-NJ,synthetic_marketplace
ORD-SYN-A-0128,2026-06-13T19:55:00+08:00,2026-06-16T19:55:00+08:00,2026-06-15T14:13:06+08:00,4,4,piece,delivered,delivered,WH-SYN-WEST,CAR-SYN-FAST,CN-JS-NJ,synthetic_classroom
ORD-SYN-A-0129,2026-06-13T11:19:00+08:00,2026-06-16T11:19:00+08:00,2026-06-15T14:11:05+08:00,5,5,piece,delivered,delivered,WH-SYN-EAST,CAR-SYN-FAST,CN-JS-NJ,synthetic_store
ORD-SYN-A-0130,2026-06-13T14:43:00+08:00,2026-06-16T14:43:00+08:00,2026-06-15T12:11:45+08:00,1,1,piece,delivered,delivered,WH-SYN-EAST,CAR-SYN-STD,CN-HB-WH,synthetic_marketplace
ORD-SYN-A-0131,2026-06-14T17:17:00+08:00,2026-06-17T17:17:00+08:00,2026-06-16T11:43:51+08:00,4,4,piece,delivered,delivered,WH-SYN-WEST,CAR-SYN-STD,CN-JS-NJ,synthetic_store
ORD-SYN-A-0132,2026-06-14T09:41:00+08:00,2026-06-17T09:41:00+08:00,2026-06-16T08:11:32+08:00,2,2,piece,delivered,delivered,WH-SYN-EAST,CAR-SYN-FAST,CN-JS-NJ,synthetic_store
ORD-SYN-A-0133,2026-06-14T12:05:00+08:00,2026-06-17T12:05:00+08:00,2026-06-16T09:56:49+08:00,3,3,piece,delivered,delivered,WH-SYN-WEST,CAR-SYN-FAST,CN-ZJ-HZ,synthetic_store
ORD-SYN-A-0134,2026-06-14T15:29:00+08:00,2026-06-17T15:29:00+08:00,2026-06-16T09:57:18+08:00,2,2,piece,delivered,delivered,WH-SYN-EAST,CAR-SYN-STD,CN-ZJ-HZ,synthetic_store
ORD-SYN-A-0135,2026-06-14T18:53:00+08:00,2026-06-17T18:53:00+08:00,2026-06-16T20:01:48+08:00,1,1,piece,delivered,delivered,WH-SYN-WEST,CAR-SYN-FAST,CN-JS-NJ,synthetic_store
ORD-SYN-A-0136,2026-06-14T10:17:00+08:00,2026-06-17T10:17:00+08:00,2026-06-15T21:40:22+08:00,1,1,piece,delivered,delivered,WH-SYN-EAST,CAR-SYN-FAST,CN-JS-NJ,synthetic_classroom
ORD-SYN-A-0137,2026-06-14T13:41:00+08:00,2026-06-17T13:41:00+08:00,2026-06-16T04:55:18+08:00,3,3,piece,delivered,delivered,WH-SYN-WEST,CAR-SYN-FAST,CN-ZJ-HZ,synthetic_store
ORD-SYN-A-0138,2026-06-14T16:05:00+08:00,2026-06-17T16:05:00+08:00,2026-06-16T10:18:43+08:00,4,4,piece,delivered,delivered,WH-SYN-EAST,CAR-SYN-FAST,CN-HB-WH,synthetic_store
ORD-SYN-A-0139,2026-06-14T19:29:00+08:00,2026-06-17T19:29:00+08:00,2026-06-16T22:08:17+08:00,5,5,piece,delivered,delivered,WH-SYN-EAST,CAR-SYN-STD,CN-ZJ-HZ,synthetic_store
ORD-SYN-A-0140,2026-06-14T11:53:00+08:00,2026-06-17T11:53:00+08:00,2026-06-16T04:26:51+08:00,2,2,piece,delivered,delivered,WH-SYN-EAST,CAR-SYN-FAST,CN-HB-WH,synthetic_store
ORD-SYN-A-0141,2026-06-15T14:27:00+08:00,2026-06-18T14:27:00+08:00,2026-06-17T14:21:13+08:00,1,1,piece,delivered,delivered,WH-SYN-EAST,CAR-SYN-FAST,CN-SD-QD,synthetic_marketplace
ORD-SYN-A-0142,2026-06-15T17:51:00+08:00,2026-06-18T17:51:00+08:00,2026-06-17T08:15:44+08:00,1,1,piece,delivered,delivered,WH-SYN-WEST,CAR-SYN-FAST,CN-SD-QD,synthetic_marketplace
ORD-SYN-A-0143,2026-06-15T09:15:00+08:00,2026-06-18T09:15:00+08:00,2026-06-17T15:56:14+08:00,1,1,piece,delivered,delivered,WH-SYN-EAST,CAR-SYN-FAST,CN-ZJ-HZ,synthetic_marketplace
ORD-SYN-A-0144,2026-06-15T12:39:00+08:00,2026-06-18T12:39:00+08:00,2026-06-17T03:15:58+08:00,3,3,piece,delivered,delivered,WH-SYN-EAST,CAR-SYN-FAST,CN-ZJ-HZ,synthetic_marketplace
ORD-SYN-A-0145,2026-06-15T15:03:00+08:00,2026-06-18T15:03:00+08:00,2026-06-17T14:39:23+08:00,5,5,piece,delivered,delivered,WH-SYN-EAST,CAR-SYN-STD,CN-SD-QD,synthetic_marketplace
ORD-SYN-A-0146,2026-06-15T18:27:00+08:00,2026-06-18T18:27:00+08:00,2026-06-17T15:53:48+08:00,4,4,piece,delivered,delivered,WH-SYN-EAST,CAR-SYN-FAST,CN-ZJ-HZ,synthetic_marketplace
ORD-SYN-A-0147,2026-06-15T10:51:00+08:00,2026-06-18T10:51:00+08:00,2026-06-17T07:57:46+08:00,4,4,piece,delivered,delivered,WH-SYN-EAST,CAR-SYN-STD,CN-HB-WH,synthetic_marketplace
ORD-SYN-A-0148,2026-06-15T13:15:00+08:00,2026-06-18T13:15:00+08:00,2026-06-17T14:31:48+08:00,4,4,piece,delivered,delivered,WH-SYN-WEST,CAR-SYN-FAST,CN-ZJ-HZ,synthetic_classroom
ORD-SYN-A-0149,2026-06-15T16:39:00+08:00,2026-06-18T16:39:00+08:00,2026-06-17T12:57:18+08:00,1,1,piece,delivered,delivered,WH-SYN-EAST,CAR-SYN-ECON,CN-JS-NJ,synthetic_marketplace
ORD-SYN-A-0150,2026-06-15T19:03:00+08:00,2026-06-18T19:03:00+08:00,2026-06-17T14:10:52+08:00,3,3,piece,delivered,delivered,WH-SYN-EAST,CAR-SYN-FAST,CN-HB-WH,synthetic_marketplace
ORD-SYN-A-0151,2026-06-16T11:37:00+08:00,2026-06-19T11:37:00+08:00,2026-06-18T14:03:23+08:00,3,3,piece,delivered,delivered,WH-SYN-EAST,CAR-SYN-FAST,CN-JS-NJ,synthetic_store
ORD-SYN-A-0152,2026-06-16T14:01:00+08:00,2026-06-19T14:01:00+08:00,2026-06-18T11:50:51+08:00,5,5,piece,delivered,delivered,WH-SYN-EAST,CAR-SYN-STD,CN-SD-QD,synthetic_classroom
ORD-SYN-A-0153,2026-06-16T17:25:00+08:00,2026-06-19T17:25:00+08:00,2026-06-18T13:33:13+08:00,3,3,piece,delivered,delivered,WH-SYN-EAST,CAR-SYN-ECON,CN-SD-QD,synthetic_marketplace
ORD-SYN-A-0154,2026-06-16T09:49:00+08:00,2026-06-19T09:49:00+08:00,2026-06-18T11:13:44+08:00,1,1,piece,delivered,delivered,WH-SYN-EAST,CAR-SYN-STD,CN-SD-QD,synthetic_marketplace
ORD-SYN-A-0155,2026-06-16T12:13:00+08:00,2026-06-19T12:13:00+08:00,2026-06-18T11:11:19+08:00,2,2,piece,delivered,delivered,WH-SYN-WEST,CAR-SYN-FAST,CN-ZJ-HZ,synthetic_store
ORD-SYN-A-0156,2026-06-16T15:37:00+08:00,2026-06-19T15:37:00+08:00,2026-06-18T12:28:21+08:00,3,3,piece,delivered,delivered,WH-SYN-EAST,CAR-SYN-STD,CN-SD-QD,synthetic_classroom
ORD-SYN-A-0157,2026-06-16T18:01:00+08:00,2026-06-19T18:01:00+08:00,2026-06-18T12:34:34+08:00,4,4,piece,delivered,delivered,WH-SYN-WEST,CAR-SYN-FAST,CN-JS-NJ,synthetic_marketplace
ORD-SYN-A-0158,2026-06-16T10:25:00+08:00,2026-06-19T10:25:00+08:00,2026-06-18T06:49:03+08:00,4,4,piece,delivered,delivered,WH-SYN-EAST,CAR-SYN-FAST,CN-JS-NJ,synthetic_marketplace
ORD-SYN-A-0159,2026-06-16T13:49:00+08:00,2026-06-19T13:49:00+08:00,2026-06-18T12:19:42+08:00,2,2,piece,delivered,delivered,WH-SYN-EAST,CAR-SYN-FAST,CN-SD-QD,synthetic_marketplace
ORD-SYN-A-0160,2026-06-16T16:13:00+08:00,2026-06-19T16:13:00+08:00,2026-06-18T15:25:04+08:00,5,5,piece,delivered,delivered,WH-SYN-EAST,CAR-SYN-FAST,CN-JS-NJ,synthetic_store
ORD-SYN-A-0161,2026-06-17T19:47:00+08:00,2026-06-20T19:47:00+08:00,2026-06-19T12:04:38+08:00,4,4,piece,delivered,delivered,WH-SYN-EAST,CAR-SYN-FAST,CN-SD-QD,synthetic_marketplace
ORD-SYN-A-0162,2026-06-17T11:11:00+08:00,2026-06-20T11:11:00+08:00,2026-06-19T04:22:51+08:00,1,1,piece,delivered,delivered,WH-SYN-EAST,CAR-SYN-ECON,CN-JS-NJ,synthetic_marketplace
ORD-SYN-A-0163,2026-06-17T14:35:00+08:00,2026-06-20T14:35:00+08:00,2026-06-19T09:58:31+08:00,2,2,piece,delivered,delivered,WH-SYN-EAST,CAR-SYN-STD,CN-JS-NJ,synthetic_store
ORD-SYN-A-0164,2026-06-17T17:59:00+08:00,2026-06-20T17:59:00+08:00,2026-06-19T11:48:49+08:00,1,1,piece,delivered,delivered,WH-SYN-EAST,CAR-SYN-STD,CN-HB-WH,synthetic_marketplace
ORD-SYN-A-0165,2026-06-17T09:23:00+08:00,2026-06-20T09:23:00+08:00,2026-06-19T08:57:56+08:00,4,4,piece,delivered,delivered,WH-SYN-EAST,CAR-SYN-FAST,CN-SD-QD,synthetic_marketplace
ORD-SYN-A-0166,2026-06-17T12:47:00+08:00,2026-06-20T12:47:00+08:00,2026-06-19T13:04:23+08:00,2,2,piece,delivered,delivered,WH-SYN-WEST,CAR-SYN-STD,CN-SD-QD,synthetic_marketplace
ORD-SYN-A-0167,2026-06-17T15:11:00+08:00,2026-06-20T15:11:00+08:00,2026-06-19T07:52:52+08:00,1,0,piece,delivered,delivered,WH-SYN-EAST,CAR-SYN-FAST,CN-ZJ-HZ,synthetic_classroom
ORD-SYN-A-0168,2026-06-17T18:35:00+08:00,2026-06-20T18:35:00+08:00,2026-06-19T18:17:07+08:00,1,1,piece,delivered,delivered,WH-SYN-WEST,CAR-SYN-STD,CN-SD-QD,synthetic_classroom
ORD-SYN-A-0169,2026-06-17T10:59:00+08:00,2026-06-20T10:59:00+08:00,2026-06-19T02:43:51+08:00,2,2,piece,delivered,delivered,WH-SYN-EAST,CAR-SYN-STD,CN-SD-QD,synthetic_store
ORD-SYN-A-0170,2026-06-17T13:23:00+08:00,2026-06-20T13:23:00+08:00,2026-06-19T07:09:05+08:00,2,1,piece,delivered,delivered,WH-SYN-EAST,CAR-SYN-FAST,CN-SD-QD,synthetic_marketplace
ORD-SYN-A-0171,2026-06-18T16:57:00+08:00,2026-06-21T16:57:00+08:00,2026-06-20T10:35:17+08:00,5,5,piece,delivered,delivered,WH-SYN-EAST,CAR-SYN-FAST,CN-JS-NJ,synthetic_marketplace
ORD-SYN-A-0172,2026-06-18T19:21:00+08:00,2026-06-21T19:21:00+08:00,2026-06-20T07:30:10+08:00,4,4,piece,delivered,delivered,WH-SYN-WEST,CAR-SYN-STD,CN-HB-WH,synthetic_marketplace
ORD-SYN-A-0173,2026-06-18T11:45:00+08:00,2026-06-21T11:45:00+08:00,2026-06-20T03:22:53+08:00,5,5,piece,delivered,delivered,WH-SYN-EAST,CAR-SYN-FAST,CN-JS-NJ,synthetic_marketplace
ORD-SYN-A-0174,2026-06-18T14:09:00+08:00,2026-06-21T14:09:00+08:00,2026-06-20T07:59:17+08:00,4,4,piece,delivered,delivered,WH-SYN-EAST,CAR-SYN-ECON,CN-JS-NJ,synthetic_marketplace
ORD-SYN-A-0175,2026-06-18T17:33:00+08:00,2026-06-21T17:33:00+08:00,2026-06-20T11:24:24+08:00,2,2,piece,delivered,delivered,WH-SYN-EAST,CAR-SYN-STD,CN-SD-QD,synthetic_classroom
ORD-SYN-A-0176,2026-06-18T09:57:00+08:00,2026-06-21T09:57:00+08:00,2026-06-20T08:32:50+08:00,1,1,piece,delivered,delivered,WH-SYN-EAST,CAR-SYN-STD,CN-SD-QD,synthetic_marketplace
ORD-SYN-A-0177,2026-06-18T12:21:00+08:00,2026-06-21T12:21:00+08:00,2026-06-20T12:20:35+08:00,3,3,piece,delivered,delivered,WH-SYN-EAST,CAR-SYN-FAST,CN-JS-NJ,synthetic_marketplace
ORD-SYN-A-0178,2026-06-18T15:45:00+08:00,2026-06-21T15:45:00+08:00,2026-06-20T11:07:35+08:00,4,4,piece,delivered,delivered,WH-SYN-EAST,CAR-SYN-FAST,CN-ZJ-HZ,synthetic_store
ORD-SYN-A-0179,2026-06-18T18:09:00+08:00,2026-06-21T18:09:00+08:00,2026-06-20T04:52:43+08:00,1,1,piece,delivered,delivered,WH-SYN-EAST,CAR-SYN-ECON,CN-ZJ-HZ,synthetic_marketplace
ORD-SYN-A-0180,2026-06-18T10:33:00+08:00,2026-06-21T10:33:00+08:00,2026-06-20T06:11:15+08:00,1,1,piece,delivered,delivered,WH-SYN-EAST,CAR-SYN-FAST,CN-SD-QD,synthetic_marketplace
